"Term","Overlap","P.value","Adjusted.P.value","Old.P.value","Old.Adjusted.P.value","Odds.Ratio","Combined.Score","Genes"
"Pathways in cancer","83/531",3.96320950190677e-07,0.000122066852658728,0,0,1.92161293182577,28.3265759243924,"CDKN1A;HSP90AB1;PTEN;GLI3;BBC3;GLI2;EDNRA;RPS6KA5;CCND2;SUFU;PIM1;BDKRB2;BDKRB1;IL12A;PRKACB;HSP90AA1;ITGA2;PLEKHG5;HGF;MMP2;WNT5A;DDB2;MSH2;SMO;TRAF4;TRAF3;COL4A5;PLCB1;TP53;HDAC2;RALA;NOTCH1;CTBP1;EPAS1;CAMK2A;ADCY4;PIK3R3;ADCY1;ADCY8;PTGS2;PLD1;DLL1;EGFR;LRP6;BCL2L11;GNG2;DVL2;HMOX1;RALGDS;WNT2;RUNX1T1;MAPK3;JAG2;GSTM3;NQO1;GSTM2;JUN;CDKN2B;TGFB2;TCF7L1;JAG1;SMAD3;LAMB3;CDKN2A;FZD7;VEGFC;IGF1;MLH1;ESR1;AGT;GADD45G;VEGFA;MAPK10;CDK6;CXCL12;GSTA4;CDK4;BCL2;MDM2;FGFR4;FGFR2;GSTM5;FGF10"
"Human papillomavirus infection","56/331",2.71459696731206e-06,0.000418047932966058,0,0,2.09959746981024,26.910261654815,"CDKN1A;TNC;PTEN;CHD4;RBPJ;LFNG;CCND2;CREB3L1;ITGB8;PRKACB;ITGA2;WNT5A;HLA-B;HLA-A;CREB1;PKM;NFX1;TRAF3;IRF1;COL4A5;COL6A3;ITGA7;COL6A6;ATP6V0D1;TP53;LLGL1;TLR3;CREB5;ATP6V1A;HDAC2;TNXB;NOTCH1;PXN;PIK3R3;PARD6G;PTGS2;THBS2;EGFR;DVL2;WNT2;MAPK3;TCF7L1;JAG1;LAMB3;FZD7;MX1;PPP2R3A;VEGFA;COL1A1;COL1A2;CDK6;DLG3;CDK4;ITGA11;MDM2;COL9A2"
"p53 signaling pathway","20/73",4.24471082279065e-06,0.000435790311139841,0,0,3.85904863141111,47.735802014473,"CDKN1A;CDKN2A;GORAB;PTEN;TNFRSF10B;IGF1;PPM1D;BBC3;DDB2;GADD45G;CCND2;CDK6;TP53I3;SESN3;ZMAT3;CDK4;SESN2;BCL2;MDM2;TP53"
"Inflammatory mediator regulation of TRP channels","21/98",0.000135471658768066,0.0104313177251411,0,0,2.7869222096956,24.822414095789,"TRPA1;PRKCE;PLA2G4C;CAMK2A;ADCY4;PIK3R3;PLA2G4A;IGF1;HTR2A;ADCY1;NGF;ADCY8;MAPK10;HRH1;BDKRB2;BDKRB1;ASIC2;PLCB1;PRKACB;ASIC1;MAP2K6"
"Colorectal cancer","19/86",0.000182272131228191,0.0112279632836566,0,0,2.89617789431222,24.9361199399019,"CDKN1A;RALA;JUN;TCF7L1;TGFB2;SMAD3;PIK3R3;MLH1;EGFR;BBC3;DDB2;GADD45G;MAPK10;BCL2L11;MSH2;BCL2;TP53;RALGDS;MAPK3"
"Pancreatic cancer","17/76",0.000334792548726717,0.0171860175013048,0,0,2.94066843339498,23.5312272616182,"CDKN1A;RALA;TGFB2;SMAD3;CDKN2A;PIK3R3;PLD1;EGFR;DDB2;GADD45G;VEGFA;MAPK10;CDK6;CDK4;TP53;RALGDS;MAPK3"
"Hepatocellular carcinoma","29/168",0.000460601393167599,0.0183254169508882,0,0,2.13429528178137,16.3977427262515,"CDKN1A;SMARCB1;PTEN;PIK3R3;EGFR;LRP6;DVL2;DPF3;HMOX1;WNT2;MAPK3;GSTM3;NQO1;GSTM2;TGFB2;TCF7L1;SMAD3;CDKN2A;HGF;FZD7;WNT5A;GAB1;GADD45G;DDB2;CDK6;GSTA4;CDK4;TP53;GSTM5"
"AGE-RAGE signaling pathway in diabetic complications","20/100",0.000505529732643989,0.0183254169508882,0,0,2.55281690140845,19.3756344529448,"JUN;TGFB2;SMAD3;VCAM1;PRKCE;MMP2;PIK3R3;VEGFC;AGT;VEGFA;COL1A1;MAPK10;COL3A1;COL1A2;CDK4;PIM1;BCL2;COL4A5;PLCB1;MAPK3"
"Melanoma","16/72",0.000535482962850629,0.0183254169508882,0,0,2.91479964667148,21.955266296136,"CDKN1A;CDKN2A;HGF;PTEN;PIK3R3;IGF1;EGFR;DDB2;GADD45G;CDK6;CDK4;PDGFC;MDM2;TP53;MAPK3;FGF10"
"Cushing syndrome","27/155",0.000614783559059134,0.0189353336190213,0,0,2.15674049066742,15.9474574281289,"SCARB1;CDKN1A;KMT2A;CAMK2A;ADCY4;CACNA1C;ADCY1;ADCY8;EGFR;CACNA1G;CREB3L1;DVL2;PRKACB;WNT2;MAPK3;CDKN2B;TCF7L1;CDKN2A;FZD7;WNT5A;AGT;CDK6;CREB1;CDK4;PLCB1;ATF4;CREB5"
"Axon guidance","30/182",0.000817944383620746,0.019820233682208,0,0,2.01874906813777,14.3507142333884,"SEMA5A;ROBO3;SEMA3D;SEMA3A;CAMK2A;SEMA3B;LRRC4;PIK3R3;PARD6G;EFNA4;ROBO1;EFNB1;PLXNA2;SRGAP3;EPHB2;PAK3;NEO1;EPHB4;EPHB3;MAPK3;EPHA5;NTNG1;UNC5B;SEMA6D;WNT5A;LIMK1;NFATC4;CXCL12;SMO;PLXNB2"
"Glioma","16/75",0.000860478532440447,0.019820233682208,0,0,2.76613218242966,19.5234214953227,"CDKN1A;CAMK1D;CDKN2A;CAMK2A;PTEN;PIK3R3;IGF1;EGFR;DDB2;GADD45G;CDK6;CDK4;CAMK4;MDM2;TP53;MAPK3"
"Circadian entrainment","19/97",0.000900919712827635,0.019820233682208,0,0,2.48623382998383,17.4337063493516,"GUCY1A2;CAMK2A;ADCY4;CACNA1C;ADCY1;ADCY8;CACNA1G;PER2;GRIN2A;RPS6KA5;CREB1;GNG2;PER3;PRKG2;PLCB1;PRKACB;GRIA3;PRKG1;MAPK3"
"Prostate cancer","19/97",0.000900919712827635,0.019820233682208,0,0,2.48623382998383,17.4337063493516,"CDKN1A;HSP90AA1;TCF7L1;HSP90AB1;PTEN;PIK3R3;IGF1;EGFR;CREB1;PLAU;CREB3L1;PDGFC;BCL2;MDM2;TP53;FGFR2;ATF4;CREB5;MAPK3"
"Aldosterone synthesis and secretion","19/98",0.00102530220366884,0.0209283405691759,0,0,2.45462709544988,16.8946285225732,"SCARB1;DAGLA;CAMK1D;PRKCE;CAMK2A;ADCY4;ATP1A2;CACNA1C;ADCY1;ADCY8;AGT;CACNA1G;CREB1;CREB3L1;CAMK4;PLCB1;PRKACB;ATF4;CREB5"
"Relaxin signaling pathway","23/129",0.00108718652307407,0.0209283405691759,0,0,2.21621981345032,15.1238432367125,"JUN;MMP2;ADCY4;PIK3R3;VEGFC;ADCY1;ADCY8;RXFP1;EGFR;VEGFA;COL1A1;MAPK10;COL3A1;COL1A2;CREB1;GNG2;CREB3L1;COL4A5;PLCB1;PRKACB;ATF4;CREB5;MAPK3"
"Fluid shear stress and atherosclerosis","24/139",0.00136040638341501,0.0225114130881114,0,0,2.1317359389193,14.0693971086349,"GSTM3;NQO1;MEF2C;GSTM2;JUN;HSP90AA1;VCAM1;HSP90AB1;SDC4;MMP2;PIK3R3;ASS1;VEGFA;MAPK10;GSTA4;GPC1;BCL2;HMOX1;SDC1;ARHGEF2;SQSTM1;TP53;MAP2K6;GSTM5"
"Breast cancer","25/147",0.00136416906938492,0.0225114130881114,0,0,2.09352134852274,13.8113995069068,"CDKN1A;NOTCH1;PTEN;PIK3R3;BRCA1;DLL1;EGFR;LRP6;DVL2;WNT2;MAPK3;JAG2;JUN;TCF7L1;JAG1;FZD7;WNT5A;IGF1;ESR1;GADD45G;DDB2;CDK6;CDK4;TP53;FGF10"
"GnRH signaling pathway","18/93",0.0014019245105262,0.0225114130881114,0,0,2.44862127180642,16.0872197538514,"JUN;MMP2;PLA2G4C;CAMK2A;ADCY4;PLA2G4A;ADCY1;CACNA1C;ADCY8;PLD1;EGFR;MAPK10;PLCB1;PRKACB;MAP3K4;ATF4;MAP2K6;MAPK3"
"Calcium signaling pathway","36/240",0.00155174753501603,0.0225114130881114,0,0,1.80593920342441,11.6814893604291,"CHRM2;PTGFR;CAMK2A;ADCY4;ADCY1;CACNA1C;HTR2A;ADCY8;EGFR;SLC8A1;CACNA1G;EDNRA;GRIN2A;HRH1;CCKAR;TBXA2R;PDGFC;BDKRB2;BDKRB1;PRKACB;CAMK1D;HGF;VEGFC;NGF;VEGFA;ITPKB;P2RX7;P2RX6;ASPH;STIM2;CAMK4;ORAI2;PLCB1;FGFR4;FGFR2;FGF10"
"MicroRNAs in cancer","44/310",0.00158337266885658,0.0225114130881114,0,0,1.69466212647553,10.9275171149678,"CDKN1A;HDAC2;ABCB1;TNXB;NOTCH1;TNC;PTEN;PIK3R3;BRCA1;PTGS2;EFNA4;EGFR;RPS6KA5;CCND2;BCL2L11;SOCS1;PLAU;PIM1;DNMT3B;HMOX1;TIMP3;BMF;SOX4;MAPK3;TGFB2;ABCC1;CDKN2A;PRKCE;DNMT3A;VEGFA;CDC25B;FOXP1;ZEB2;MARCKS;CDK6;CYP24A1;FSCN1;BCL2;MDM2;PDCD4;VIM;ZFPM2;TP53;EZH2"
"Cortisol synthesis and secretion","14/65",0.00160795807772224,0.0225114130881114,0,0,2.79811958472328,17.999716186048,"SCARB1;ADCY4;NR0B1;ADCY1;CACNA1C;ADCY8;AGT;CACNA1G;CREB1;CREB3L1;PLCB1;PRKACB;ATF4;CREB5"
"Protein digestion and absorption","19/103",0.00189054471354634,0.0246273972505582,0,0,2.30788154225654,14.472471938134,"COL15A1;COL16A1;COL27A1;KCNE3;COL24A1;COL14A1;COL12A1;ATP1A2;PGA3;SLC8A1;DPP4;COL1A1;COL3A1;COL1A2;COL5A1;COL4A5;COL6A3;COL6A6;COL9A2"
"Gap junction","17/88",0.00191901796757596,0.0246273972505582,0,0,2.44203805510227,15.2772476994869,"GUCY1A2;TUBB;ADCY4;HTR2A;ADCY1;ADCY8;TUBA4A;EGFR;TUBA1C;TUBA1B;TUBA1A;PDGFC;PRKG2;PLCB1;PRKACB;PRKG1;MAPK3"
"Parathyroid hormone synthesis, secretion and action","19/106",0.00265913581027036,0.0317604970053851,0,0,2.22793051672362,13.2110800989723,"MEF2C;CDKN1A;JUND;ADCY4;ADCY1;PLD1;ADCY8;EGFR;LRP6;MAFB;CREB1;CYP24A1;CREB3L1;BCL2;PLCB1;PRKACB;ATF4;CREB5;MAPK3"
"Bladder cancer","10/41",0.00278159308640867,0.0317604970053851,0,0,3.28435890485226,19.327570182336,"CDKN1A;RPS6KA5;CDKN2A;CDK4;MMP2;MDM2;TP53;EGFR;MAPK3;VEGFA"
"Proteoglycans in cancer","31/205",0.00278419941280974,0.0317604970053851,0,0,1.82109951260198,10.7149760445095,"CDKN1A;SDC4;PXN;CAMK2A;PIK3R3;EGFR;PLAU;GPC1;TIMP3;PRKACB;WNT2;MAPK3;TGFB2;LUM;FZD7;HGF;ITGA2;MMP2;WNT5A;GAB1;ANK2;IGF1;ESR1;VEGFA;COL1A1;COL1A2;SMO;MDM2;PDCD4;SDC1;TP53"
"Basal cell carcinoma","13/63",0.00346708939567045,0.0381379833523749,0,0,2.64887766554433,15.0044081478867,"CDKN1A;TCF7L1;FZD7;WNT5A;GLI3;GLI2;DDB2;GADD45G;SMO;SUFU;DVL2;TP53;WNT2"
"Focal adhesion","30/201",0.00392172197137418,0.0400887587586299,0,0,1.79255504199592,9.93294981452955,"TNXB;PXN;TNC;PTEN;PIK3R3;THBS2;EGFR;CCND2;PDGFC;ITGB8;PAK3;MAPK3;JUN;LAMB3;HGF;ITGA2;VEGFC;IGF1;VEGFA;COL1A1;MAPK10;COL1A2;ITGA11;BCL2;COL4A5;COL6A3;ITGA7;COL6A6;TLN2;COL9A2"
"Apoptosis","23/142",0.00392577262826231,0.0400887587586299,0,0,1.97269381793349,10.9291027041668,"JUN;PARP2;PIK3R3;TNFRSF10B;NGF;PTPN13;TUBA4A;CTSS;GADD45G;BBC3;LMNB1;MAPK10;TUBA1C;TUBA1B;BCL2L11;TUBA1A;DDIT3;TNFSF10;BCL2;TP53;MAP3K14;ATF4;MAPK3"
"Longevity regulating pathway","18/102",0.00403490753739457,0.0400887587586299,0,0,2.18518369643862,12.0464192620402,"HSPA8;HDAC2;EHMT2;HSPA6;ADCY4;PIK3R3;IGF1;ADCY1;ADCY8;CREB1;SESN3;CREB3L1;CAMK4;SESN2;PRKACB;TP53;ATF4;CREB5"
"PI3K-Akt signaling pathway","47/354",0.00430147064986781,0.0414016550049776,0,0,1.56755417079734,8.54128650594892,"CHRM2;CDKN1A;TNXB;HSP90AB1;TNC;PTEN;PIK3R3;BRCA1;THBS2;EFNA4;EGFR;CCND2;BCL2L11;GNG2;CREB3L1;PDGFC;THEM4;ITGB8;MAPK3;HSP90AA1;LAMB3;HGF;ITGA2;VEGFC;IGF1;PPP2R3A;NGF;VEGFA;COL1A1;COL1A2;CDK6;CREB1;CDK4;ITGA11;BCL2;MDM2;COL4A5;COL6A3;ITGA7;COL6A6;COL9A2;FGFR4;TP53;FGFR2;ATF4;FGF10;CREB5"
"ECM-receptor interaction","16/88",0.00481552173219112,0.0449448695004505,0,0,2.26506776591094,12.0861997451372,"TNXB;SDC4;LAMB3;ITGA2;TNC;THBS2;COL1A1;COL1A2;ITGA11;ITGB8;COL4A5;COL6A3;ITGA7;SDC1;COL6A6;COL9A2"
"TNF signaling pathway","19/112",0.00498998889687596,0.0452034288305234,0,0,2.08350285769641,11.043235188426,"JUN;JAG1;VCAM1;LIF;PIK3R3;VEGFC;PTGS2;MAPK10;RPS6KA5;CREB1;TRAF3;CREB3L1;IRF1;BCL3;MAP3K14;ATF4;MAP2K6;CREB5;MAPK3"
"MAPK signaling pathway","40/294",0.00529477641837147,0.046594032481669,0,0,1.61078583125827,8.44218415540383,"RASGRF2;CACNA1C;EFNA4;EGFR;CACNA1G;RPS6KA5;DUSP10;PDGFC;PRKACB;MAP3K4;MAP2K6;MAPK3;HSPA8;MEF2C;JUN;TGFB2;JUND;HGF;HSPA6;PLA2G4C;CACNA2D3;VEGFC;PLA2G4A;IGF1;DUSP8;NGF;MAPK8IP3;MAPK8IP1;GADD45G;VEGFA;CDC25B;MAPK10;DDIT3;MAPT;FGFR4;TP53;MAP3K14;FGFR2;ATF4;FGF10"
"Gastric cancer","23/149",0.00712392097402934,0.0590196652968599,0,0,1.86237862338314,9.20815305263259,"TGFB2;CDKN1A;CDKN2B;TCF7L1;ABCB1;SMAD3;HGF;FZD7;WNT5A;GAB1;PIK3R3;MLH1;EGFR;GADD45G;DDB2;LRP6;DVL2;BCL2;TP53;WNT2;FGFR2;FGF10;MAPK3"
"Chronic myeloid leukemia","14/76",0.00716930122811958,0.0590196652968599,0,0,2.30028436362319,11.3586824722655,"CDKN1A;HDAC2;TGFB2;SMAD3;CTBP1;CDKN2A;PIK3R3;DDB2;GADD45G;CDK6;CDK4;MDM2;TP53;MAPK3"
"Rap1 signaling pathway","30/210",0.00737615717359164,0.0590196652968599,0,0,1.70207743153919,8.35635337839262,"RALA;ADCY4;PIK3R3;PARD6G;ADCY1;SIPA1L2;ADCY8;EFNA4;EGFR;GRIN2A;SIPA1L1;PDGFC;RALGDS;MAP2K6;MAPK3;HGF;MAGI3;VEGFC;ARAP3;IGF1;NGF;VEGFA;EVL;TLN2;PLCB1;FGFR4;FGFR2;PFN2;RAPGEF4;FGF10"
"Small cell lung cancer","16/92",0.00747326930706992,0.0590196652968599,0,0,2.14538031419189,10.5046889077422,"CDKN1A;CDKN2B;LAMB3;ITGA2;PTEN;PIK3R3;PTGS2;DDB2;GADD45G;CDK6;TRAF4;TRAF3;CDK4;BCL2;COL4A5;TP53"
"Amphetamine addiction","13/69",0.00774757027643145,0.0596562911285222,0,0,2.36428771845438,11.491327277938,"HDAC2;JUN;CAMK2A;CACNA1C;GRIN2A;CREB1;CREB3L1;CAMK4;PPP1R1B;PRKACB;GRIA3;ATF4;CREB5"
"Insulin secretion","15/86",0.00916464986737584,0.0664052632266978,0,0,2.15231840481089,10.0995423300009,"CAMK2A;ADCY4;ATP1A2;ADCY1;CACNA1C;ADCY8;CCKAR;CREB1;CREB3L1;KCNMA1;PLCB1;PRKACB;ATF4;CREB5;RAPGEF4"
"TGF-beta signaling pathway","16/94",0.00918546550602773,0.0664052632266978,0,0,2.09013995186002,9.80303411303561,"SMAD1;CDKN2B;TGFB2;TGIF2;SMAD3;FST;SMAD9;RGMB;GDF5;THSD4;INHBE;GREM1;GREM2;ACVR1C;NEO1;MAPK3"
"Ferroptosis","9/41",0.00927086467125976,0.0664052632266978,0,0,2.86178961366181,13.3956898388731,"PRNP;GPX4;GSS;HMOX1;ACSL4;SLC7A11;ACSL3;TP53;FTL"
"Cocaine addiction","10/49",0.0105797132652514,0.0726192265466314,0,0,2.60949508008332,11.8701154629733,"GPSM1;GRIN2A;JUN;CREB1;DLG4;CREB3L1;PPP1R1B;PRKACB;ATF4;CREB5"
"Estrogen signaling pathway","21/137",0.0106099519305143,0.0726192265466314,0,0,1.84595984138709,8.3916648743661,"HSPA8;JUN;HSP90AA1;HSP90AB1;MMP2;HSPA6;ADCY4;PIK3R3;ADCY1;ADCY8;ESR1;EGFR;CREB1;CREB3L1;GPER1;BCL2;PLCB1;PRKACB;ATF4;CREB5;MAPK3"
"Human T-cell leukemia virus 1 infection","30/219",0.013041351615851,0.0861984145506254,0,0,1.62021673636405,7.03114127930312,"CDKN1A;ADCY4;PTEN;PIK3R3;ADCY1;ADCY8;CCND2;CREB3L1;PRKACB;MAPK3;EGR2;JUN;CDKN2B;TGFB2;RANBP3;SMAD3;MSX2;CDKN2A;HLA-B;HLA-A;NFATC4;MAPK10;CREB1;CDK4;TLN2;TCF3;TP53;MAP3K14;ATF4;CREB5"
"Wnt signaling pathway","24/166",0.0133666825648021,0.0861984145506254,0,0,1.72382914085302,7.43830558025467,"TLE3;JUN;TCF7L1;SMAD3;CTBP1;FZD7;WNT5A;CAMK2A;DKK2;NFATC4;LRP6;MAPK10;SFRP4;CCND2;SFRP2;DAAM1;TBL1XR1;DVL2;RSPO2;PLCB1;PRKACB;TP53;WNT2;LGR4"
"Ovarian steroidogenesis","10/51",0.013975369551515,0.0861984145506254,0,0,2.4819293571087,10.5989771050765,"SCARB1;PLA2G4C;ADCY4;AKR1C3;PLA2G4A;ADCY1;IGF1;ADCY8;PTGS2;PRKACB"
"cGMP-PKG signaling pathway","24/167",0.0143231867220184,0.0861984145506254,0,0,1.7116796247231,7.26757876347696,"GUCY1A2;MEF2C;PRKCE;ADCY4;ATP1A2;CACNA1C;ADCY1;ADCY8;SLC8A1;ADRA2A;NFATC4;EDNRA;CREB1;CREB3L1;KCNMA1;ADORA1;BDKRB2;PRKG2;PDE5A;PLCB1;PRKG1;ATF4;CREB5;MAPK3"
"Platelet activation","19/124",0.0146266813964829,0.0861984145506254,0,0,1.84416559416559,7.79142983415584,"GUCY1A2;ITGA2;PLA2G4C;ADCY4;PIK3R3;PLA2G4A;ADCY1;ADCY8;COL1A1;COL3A1;COL1A2;FCGR2A;TBXA2R;PRKG2;TLN2;PLCB1;PRKACB;PRKG1;MAPK3"
"Viral carcinogenesis","28/203",0.0147274208500665,0.0861984145506254,0,0,1.63259762308998,6.88636886787304,"CDKN1A;HDAC2;PXN;PIK3R3;CHD4;RBPJ;HDAC9;CCND2;CREB3L1;PRKACB;MAPK3;EGR2;JUN;CDKN2B;EGR3;CDKN2A;HLA-B;HLA-A;CDK6;CREB1;PKM;CDK4;TRAF3;MDM2;ATP6V0D1;TP53;ATF4;CREB5"
"Notch signaling pathway","11/59",0.0147858105736655,0.0861984145506254,0,0,2.33238742526158,9.82888423476243,"LFNG;JAG2;TLE3;HDAC2;NOTCH1;ATXN1;JAG1;CTBP1;DVL2;RBPJ;DLL1"
"Adrenergic signaling in cardiomyocytes","22/150",0.0148328440622829,0.0861984145506254,0,0,1.75238825437112,7.37915161374818,"CAMK2A;CACNA2D3;ADCY4;ATP1A2;CACNA1C;ADCY1;PPP2R3A;ADCY8;SLC8A1;AGT;RPS6KA5;CREB1;CREB3L1;BCL2;PLCB1;PRKACB;SCN4B;SCN1B;ATF4;CREB5;RAPGEF4;MAPK3"
"Sphingolipid signaling pathway","18/119",0.0193817809740203,0.110547935925894,0,0,1.81567554617026,7.15997449276056,"CERS4;ABCC1;SGMS1;PRKCE;PTEN;PIK3R3;PPP2R3A;PLD1;MAPK10;SPTLC3;ADORA1;BCL2;BDKRB2;S1PR1;PLCB1;TP53;NSMAF;MAPK3"
"Cellular senescence","22/156",0.0224668425874147,0.12423802274782,0,0,1.67336751100673,6.3516256925982,"TGFB2;CDKN1A;CDKN2B;SMAD3;CDKN2A;HLA-B;PTEN;PIK3R3;HLA-A;FOXM1;ZFP36L1;GADD45G;NFATC4;CCND2;CDK6;CDK4;MDM2;NBN;SQSTM1;TP53;MAP2K6;MAPK3"
"C-type lectin receptor signaling pathway","16/104",0.022888795300439,0.12423802274782,0,0,1.85160202360877,6.99370040208346,"EGR2;JUN;EGR3;KSR1;PIK3R3;LSP1;PTGS2;NFATC4;MAPK10;IRF1;BCL3;MDM2;CASP1;IL12A;MAP3K14;MAPK3"
"Cholinergic synapse","17/113",0.0237317603961479,0.12423802274782,0,0,1.80360072178478,6.74716393622033,"CHRM2;CAMK2A;ADCY4;PIK3R3;CACNA1C;ADCY1;ADCY8;CREB1;GNG2;CREB3L1;CAMK4;BCL2;PLCB1;PRKACB;ATF4;CREB5;MAPK3"
"Glycine, serine and threonine metabolism","8/40",0.023757198381616,0.12423802274782,0,0,2.54238947957471,9.50820539213738,"GAMT;ALAS1;SHMT2;PSAT1;CHDH;PHGDH;BPGM;SDSL"
"Dilated cardiomyopathy","15/96",0.0237988420198746,0.12423802274782,0,0,1.88555971702039,7.04844538597475,"TGFB2;ITGA2;CACNA2D3;ADCY4;ADCY1;CACNA1C;IGF1;ADCY8;SLC8A1;AGT;SGCD;ITGA11;ITGB8;ITGA7;PRKACB"
"Glutamatergic synapse","17/114",0.0256407277458253,0.131052785425362,0,0,1.78490832975775,6.53914243578763,"GRIK5;PLA2G4C;ADCY4;GRIK4;PLA2G4A;CACNA1C;ADCY1;PLD1;ADCY8;SLC1A7;GRIN2A;GNG2;DLG4;PLCB1;PRKACB;GRIA3;MAPK3"
"Hedgehog signaling pathway","10/56",0.0259552594511269,0.131052785425362,0,0,2.21154548776032,8.07519520463744,"CCND2;SMO;KIF3A;SUFU;BCL2;EFCAB7;PRKACB;GLI3;GLI2;CDON"
"Cell cycle","18/124",0.0282307315554005,0.140242989017151,0,0,1.7295526698591,6.16990955213678,"TGFB2;CDKN1A;HDAC2;CDKN2B;SMAD3;PCNA;MCM7;CDKN2A;CDC25B;GADD45G;CCND2;CDK6;TFDP2;CDK4;MDM2;MCM4;TP53;MCM2"
"Cysteine and methionine metabolism","9/50",0.0321459629139986,0.153188866412328,0,0,2.23248572911261,7.6740991618085,"IL4I1;AHCYL2;PSAT1;BHMT2;GSS;DNMT3A;DNMT3B;PHGDH;SDSL"
"Malaria","9/50",0.0321459629139986,0.153188866412328,0,0,2.23248572911261,7.6740991618085,"TGFB2;VCAM1;GYPC;HGF;SDC1;IL12A;HBA2;HBA1;THBS2"
"Endometrial cancer","10/58",0.032361762150648,0.153188866412328,0,0,2.11916433239963,7.27038180560733,"CDKN1A;TCF7L1;PTEN;PIK3R3;MLH1;TP53;EGFR;DDB2;MAPK3;GADD45G"
"Hepatitis B","22/162",0.0328261856597845,0.153188866412328,0,0,1.60111997421642,5.470272406197,"EGR2;JUN;TGFB2;CDKN1A;EGR3;SMAD3;PCNA;PIK3R3;NFATC4;DDB2;IFIH1;MAPK10;CREB1;TRAF3;CREB3L1;BCL2;TP53;TLR3;ATF4;MAP2K6;CREB5;MAPK3"
"Oxytocin signaling pathway","21/154",0.0350205940706134,0.160990193638044,0,0,1.60849700350086,5.39139079930493,"GUCY1A2;MEF2C;JUN;CDKN1A;CAMK1D;PLA2G4C;CAMK2A;CACNA2D3;ADCY4;PLA2G4A;MYL6B;CACNA1C;ADCY1;ADCY8;PTGS2;EGFR;NFATC4;CAMK4;PLCB1;PRKACB;MAPK3"
"Phospholipase D signaling pathway","20/148",0.042221908292878,0.190323313831293,0,0,1.59128521126761,5.03612495891581,"PTGFR;RALA;DGKB;PLA2G4C;GAB1;ADCY4;PIK3R3;PLA2G4A;ADCY1;PLD1;ADCY8;DNM1;EGFR;AGT;DNM3;PDGFC;PLCB1;RALGDS;RAPGEF4;MAPK3"
"Renin secretion","11/69",0.0426373657609066,0.190323313831293,0,0,1.92918857275398,6.08663678701062,"GUCY1A2;EDNRA;CREB1;KCNMA1;ADORA1;CLCA2;PRKG2;CACNA1C;PLCB1;PRKACB;AGT"
"Aldosterone-regulated sodium reabsorption","7/37",0.0438262059293366,0.192835306089081,0,0,2.37183072334079,7.41795592591611,"HSD11B2;NEDD4L;PIK3R3;ATP1A2;IGF1;NR3C2;MAPK3"
"ABC transporters","8/45",0.0448784563176752,0.194684007687943,0,0,2.1982183638591,6.82282447344549,"ABCC1;ABCA10;ABCB1;ABCB4;ABCB5;ABCC6;ABCA7;ABCB9"
"Human cytomegalovirus infection","28/225",0.0481402843076681,0.205933438427247,0,0,1.44850746483041,4.39424430581739,"CDKN1A;PXN;ADCY4;PIK3R3;ADCY1;ADCY8;PTGS2;EGFR;GNG2;CREB3L1;PRKACB;MAP2K6;MAPK3;CCR1;CDKN2A;HLA-B;HLA-A;NFATC4;VEGFA;CDK6;CXCL12;CREB1;CDK4;MDM2;PLCB1;TP53;ATF4;CREB5"
"Type II diabetes mellitus","8/46",0.0502261451450596,0.211913050749019,0,0,2.1402527022649,6.4019657639959,"MAPK10;SOCS1;PKM;PRKCE;PIK3R3;CACNA1C;CACNA1G;MAPK3"
"Signaling pathways regulating pluripotency of stem cells","19/143",0.0539562213726714,0.224574543010578,0,0,1.55995259372275,4.55440994488516,"SMAD1;SMAD3;FZD7;PCGF2;WNT5A;LIF;PIK3R3;SMAD9;IGF1;KLF4;TBX3;INHBE;ACVR1C;DVL2;TCF3;FGFR4;WNT2;FGFR2;MAPK3"
"Regulation of lipolysis in adipocytes","9/55",0.0548052529864084,0.224665301143115,0,0,1.98927649836896,5.77679774561391,"ADORA1;ADCY4;PRKG2;PIK3R3;ADCY1;ADCY8;PTGS2;PRKACB;PRKG1"
"Non-small cell lung cancer","11/72",0.0554368924898595,0.224665301143115,0,0,1.83400720429317,5.30488413711788,"CDKN1A;CDK6;CDKN2A;CDK4;HGF;PIK3R3;TP53;EGFR;DDB2;MAPK3;GADD45G"
"Transcriptional misregulation in cancer","24/192",0.0608764363480746,0.243505745392299,0,0,1.45494877793014,4.07226937868188,"SMAD1;MEF2C;CDKN1A;HDAC2;KMT2A;LDB1;EYA1;IGF1;MLF1;GADD45G;DDB2;PER2;CCND2;MAF;SIX4;PLAU;DDIT3;MDM2;BMP2K;NUPR1;TCF3;TP53;GRIA3;RUNX1T1"
"Ras signaling pathway","28/232",0.0658719786613862,0.258566837954239,0,0,1.39826003972613,3.80332622779013,"RALA;RASGRF2;PIK3R3;PLD1;EFNA4;EGFR;GRIN2A;GNG2;PDGFC;PAK3;PRKACB;RALGDS;MAPK3;KSR1;HGF;PLA2G4C;GAB1;VEGFC;PLA2G4A;IGF1;NGF;VEGFA;MAPK10;RIN1;RGL1;FGFR4;FGFR2;FGF10"
"Growth hormone synthesis, secretion and action","16/119",0.0664680762565057,0.258566837954239,0,0,1.58064146433308,4.28517196584415,"ADCY4;PIK3R3;CACNA1C;IGF1;ADCY1;ADCY8;MAPK10;SOCS1;CREB1;CREB3L1;PLCB1;PRKACB;ATF4;MAP2K6;CREB5;MAPK3"
"Melanogenesis","14/101",0.0671602176504518,0.258566837954239,0,0,1.63702427281587,4.42106922819464,"TCF7L1;FZD7;WNT5A;CAMK2A;ADCY4;ADCY1;ADCY8;CREB1;CREB3L1;DVL2;PLCB1;PRKACB;WNT2;MAPK3"
"Thyroid hormone synthesis","11/75",0.0705646362886696,0.268319851566793,0,0,1.74774908912556,4.63367811040613,"CREB1;CREB3L1;GPX8;ADCY4;ATP1A2;ADCY1;PLCB1;ADCY8;PRKACB;ATF4;CREB5"
"Other glycan degradation","4/18",0.0715805791780698,0.26886363886397,0,0,2.90197016830183,7.65229649759979,"MANBA;FUCA2;GBA;NEU1"
"Long-term potentiation","10/67",0.0747791591855185,0.277493747339032,0,0,1.78367487345816,4.62545431578744,"GRIN2A;CAMK4;CAMK2A;ADCY1;CACNA1C;PLCB1;ADCY8;PRKACB;ATF4;MAPK3"
"cAMP signaling pathway","26/216",0.0759175979473557,0.278364525806971,0,0,1.3935616316087,3.59275066911628,"CHRM2;CAMK2A;ADCY4;PIK3R3;ATP1A2;ADCY1;CACNA1C;ADCY8;PLD1;GLI3;EDNRA;GRIN2A;CREB3L1;ADORA1;SOX9;PRKACB;GRIA3;MAPK3;JUN;ARAP3;MAPK10;CREB1;CAMK4;PPP1R1B;RAPGEF4;CREB5"
"FoxO signaling pathway","17/131",0.0780710352008185,0.282892692257084,0,0,1.51731198073925,3.86935214661623,"TGFB2;CDKN1A;CDKN2B;SMAD3;PLK2;PTEN;PIK3R3;IGF1;EGFR;GADD45G;MAPK10;CCND2;BCL2L11;TNFSF10;MDM2;S1PR1;MAPK3"
"Long-term depression","9/60",0.0858890430357685,0.295924888737974,0,0,1.79375535208484,4.40312949234085,"GUCY1A2;PLA2G4C;PRKG2;PLA2G4A;IGF1;PLCB1;PRKG1;GRIA3;MAPK3"
"Vascular smooth muscle contraction","17/133",0.087055970327901,0.295924888737974,0,0,1.4909865792638,3.63980244609076,"GUCY1A2;RAMP3;PRKCE;PLA2G4C;ADCY4;PLA2G4A;MYL6B;CACNA1C;ADCY1;ADCY8;AGT;EDNRA;KCNMA1;PLCB1;PRKACB;PRKG1;MAPK3"
"Renal cell carcinoma","10/69",0.0874681788572766,0.295924888737974,0,0,1.72302141195461,4.19810759224991,"CDKN1A;JUN;TGFB2;EPAS1;HGF;GAB1;PIK3R3;PAK3;MAPK3;VEGFA"
"Phagosome","19/152",0.0875528589257213,0.295924888737974,0,0,1.45366795366795,3.54042656795924,"ATP6V1A;SCARB1;MSR1;ITGA2;TUBB;HLA-B;HLA-A;THBS2;TUBA4A;CTSS;EEA1;MRC2;SEC61A2;SEC61A1;TUBA1C;TUBA1B;TUBA1A;FCGR2A;ATP6V0D1"
"Chemical carcinogenesis","28/239",0.0877536582236258,0.295924888737974,0,0,1.35134656699845,3.28812582934775,"HSP90AB1;ADCY4;PIK3R3;ADCY1;CACNA1C;ADCY8;PTGS2;DLL1;EGFR;CYP3A7;CREB3L1;PRKACB;MAPK3;GSTM3;GSTM2;JUN;HSP90AA1;JAG1;KLF4;ESR1;VEGFA;CREB1;GSTA4;BCL2;ATF4;GSTM5;FGF10;CREB5"
"Antigen processing and presentation","11/78",0.0881022219974949,0.295924888737974,0,0,1.66921558128639,4.05495451176584,"HSPA8;HSP90AA1;HSP90AB1;CREB1;NFYA;RFX5;HSPA6;HLA-B;PSME2;HLA-A;CTSS"
"Salmonella infection","29/249",0.0883931485840702,0.295924888737974,0,0,1.34244054360136,3.25670815799254,"CYFIP2;RALA;HSP90AB1;FHOD1;LY96;FBXO22;TUBA1C;FYCO1;TUBA1B;TUBA1A;TNFSF10;VPS11;CASP1;SNX9;PAK3;MAP2K6;MAPK3;JUN;HSP90AA1;TCF7L1;EXOC7;TUBB;AHNAK2;TNFRSF10B;TUBA4A;MAPK10;RHOJ;BCL2;PFN2"
"Hippo signaling pathway","20/163",0.0939503601577806,0.311147429339746,0,0,1.42318526543879,3.36581709869947,"SMAD1;TGFB2;TCF7L1;SMAD3;FZD7;WNT5A;PARD6G;GDF5;AMOT;BBC3;GLI2;CCND2;RASSF2;DLG3;DLG4;DVL2;DCHS1;WNT2;LLGL1;TEAD2"
"Epstein-Barr virus infection","24/202",0.0954093040495908,0.312617719651851,0,0,1.37244875300567,3.22467701370007,"ENTPD1;JUN;CDKN1A;HDAC2;HLA-B;PIK3R3;HLA-A;RBPJ;GADD45G;DDB2;MAPK10;CCND2;BCL2L11;CDK6;CDK4;TRAF3;OAS3;BCL2;MDM2;BLNK;VIM;TP53;MAP3K14;MAP2K6"
"Kaposi sarcoma-associated herpesvirus infection","23/193",0.0983788021517657,0.314243641718741,0,0,1.37699176736157,3.19314741363529,"CCR1;JUN;CDKN1A;TCF7L1;HLA-B;PIK3R3;HLA-A;PTGS2;NFATC4;VEGFA;MAPK10;PREX1;CDK6;CREB1;GNG2;UBB;CDK4;TRAF3;TP53;TLR3;MICA;MAP2K6;MAPK3"
"Endocrine and other factor-regulated calcium reabsorption","8/53",0.098921927595908,0.314243641718741,0,0,1.8066281166449,4.17949747663327,"DNM3;BDKRB2;ATP1A2;PLCB1;PRKACB;ESR1;SLC8A1;DNM1"
"DNA replication","6/36",0.0989663417101229,0.314243641718741,0,0,2.03186137506987,4.69964551771897,"PRIM2;PCNA;MCM7;LIG1;MCM4;MCM2"
"Osteoclast differentiation","16/127",0.104306943635951,0.327821822855846,0,0,1.46607315578648,3.31393719111246,"JUN;TGFB2;JUND;PIK3R3;TNFRSF11B;MAPK10;SOCS1;CREB1;FCGR2A;CAMK4;BLNK;ACP5;SQSTM1;MAP3K14;MAP2K6;MAPK3"
"Thyroid cancer","6/37",0.109638630989803,0.338218668391003,0,0,1.96620927171424,4.34643437010784,"CDKN1A;TCF7L1;TP53;MAPK3;DDB2;GADD45G"
"Lysosome","16/128",0.109811255971105,0.338218668391003,0,0,1.45290291496025,3.20945126718176,"CTSA;MANBA;FUCA2;GBA;ABCB9;LITAF;CTSS;AP4M1;AP3M2;GGA2;LAPTM4A;GNPTAB;NEU1;ACP5;TPP1;ATP6V0D1"
"Neurotrophin signaling pathway","15/119",0.112644174465614,0.343508967677317,0,0,1.46669727744166,3.2025647855724,"ZNF274;JUN;MAGED1;CAMK2A;GAB1;PIK3R3;NGF;MAPK10;RPS6KA5;IRAK2;CAMK4;BCL2;TP53;ATF4;MAPK3"
"Cell adhesion molecules","18/148",0.11443875686874,0.345560167799724,0,0,1.40838058958487,3.05296839675124,"NTNG1;CD274;CNTNAP1;VCAM1;SDC4;CADM1;SDC3;HLA-B;LRRC4;HLA-A;CLDN11;VCAN;SDC1;ITGB8;NCAM2;NEO1;ICOSLG;CD276"
"PPAR signaling pathway","10/74",0.124504011693635,0.372303258268346,0,0,1.58797268907563,3.30840983770495,"FABP3;SCP2;HMGCS1;ACOX2;SCD;ME1;ME3;ACSL4;ACSL3;PLTP"
"IL-17 signaling pathway","12/94",0.135213820237965,0.39762818249039,0,0,1.48746289481964,2.97626138242742,"MAPK10;HSP90AA1;JUN;HSP90AB1;CCL11;JUND;TRAF4;CCL7;TRAF3;PTGS2;IL17RB;MAPK3"
"Glutathione metabolism","8/57",0.135555062212633,0.39762818249039,0,0,1.6587828192273,3.31487402780427,"GSTM3;G6PD;GSTM2;GPX4;GSTA4;GSS;GPX8;GSTM5"
"Galactose metabolism","5/31",0.140274783489127,0.40698472683899,0,0,1.95305113880533,3.83608938011168,"B4GALT1;GALT;AKR1B10;AKR1B1;GALM"
"Pertussis","10/76",0.141387551207052,0.40698472683899,0,0,1.53968253968254,3.01200484425552,"C4B;MAPK10;C4A;JUN;IRF1;CASP1;LY96;IL12A;C2;MAPK3"
"Mismatch repair","4/23",0.146015834352006,0.416415527596462,0,0,2.1377060742308,4.11303244117828,"PCNA;LIG1;MSH2;MLH1"
"Cytokine-cytokine receptor interaction","32/295",0.151385471992914,0.427768122695575,0,0,1.23826263994358,2.33774810939479,"CCL11;TNFRSF11B;EDA2R;CXCL16;TNFSF13B;ACVR1C;CCL8;CCL7;TNFSF10;IL12A;TNFRSF14;CCR1;GDF10;IL32;GDF11;TGFB2;TSLP;TNFSF15;GDF15;IL34;TNFRSF19;IL31RA;LIF;TNFRSF10C;TNFRSF10B;NGF;GDF5;IL17RB;INHBE;CXCL12;ACKR4;TNFSF9"
"Arginine and proline metabolism","7/50",0.157768292513618,0.441048239312497,0,0,1.65358201966599,3.05355056909906,"GAMT;ALDH3A2;CKMT2;SMOX;P4HA2;PYCR1;ALDH18A1"
"Fc gamma R-mediated phagocytosis","12/97",0.158949203128855,0.441048239312497,0,0,1.43472666688661,2.63870711192255,"MARCKSL1;MARCKS;FCGR2A;BIN1;PRKCE;INPP5D;PLA2G4C;LIMK1;PIK3R3;PLA2G4A;PLD1;MAPK3"
"Choline metabolism in cancer","12/98",0.167304508190585,0.460087397524108,0,0,1.41796554017921,2.53523691740959,"MAPK10;JUN;DGKB;PDGFC;PLA2G4C;PIK3R3;PLA2G4A;PLD1;GPCPD1;RALGDS;EGFR;MAPK3"
"Base excision repair","5/33",0.169789028936829,0.462787795686225,0,0,1.81334796488428,3.21542610686673,"NEIL3;PCNA;LIG1;PARP2;APEX1"
"Central carbon metabolism in cancer","9/70",0.173579653017366,0.46489159242912,0,0,1.49887100031208,2.6247010221651,"SLC7A5;G6PD;PKM;PTEN;PIK3R3;TP53;EGFR;FGFR2;MAPK3"
"Prolactin signaling pathway","9/70",0.173579653017366,0.46489159242912,0,0,1.49887100031208,2.6247010221651,"MAPK10;CCND2;GALT;SOCS1;IRF1;PIK3R3;ESR1;MAPK3;SOCS5"
"Measles","16/139",0.181465282922309,0.475173875202468,0,0,1.32216418285599,2.25652560858893,"HSPA8;JUN;HSPA6;MX1;PIK3R3;BBC3;IFIH1;MAPK10;CCND2;CDK6;CDK4;TRAF3;OAS3;BCL2;IL12A;TP53"
"Tight junction","19/169",0.18175753724843,0.475173875202468,0,0,1.28770645645646,2.19564470487547,"JUN;PCNA;PRKCE;NEDD4L;PARD6G;MYL6B;TUBA4A;AMOT;CLDN11;MAPK10;TUBA1C;TUBA1B;TUBA1A;DLG3;CDK4;ARHGEF2;PRKACB;MPDZ;LLGL1"
"Hypertrophic cardiomyopathy","11/90",0.18204713400614,0.475173875202468,0,0,1.41472725208605,2.40997322779304,"TGFB2;SGCD;ITGA2;ITGA11;CACNA2D3;ITGB8;ITGA7;CACNA1C;IGF1;SLC8A1;AGT"
"Progesterone-mediated oocyte maturation","12/100",0.184649003843403,0.47791506877116,0,0,1.3855860908581,2.34066854998725,"MAPK10;CPEB1;HSP90AA1;HSP90AB1;ADCY4;PIK3R3;IGF1;ADCY1;ADCY8;PRKACB;CDC25B;MAPK3"
"Primary bile acid biosynthesis","3/17",0.191561842841719,0.491675396627079,0,0,2.17526307397959,3.59471921031802,"CH25H;ACOX2;SCP2"
"Folate biosynthesis","4/26",0.200625065029025,0.510681983710246,0,0,1.84589614740369,2.96509521270385,"MOCS2;AKR1B10;AKR1C3;AKR1B1"
"Inositol phosphate metabolism","9/73",0.205826994919337,0.51962880684554,0,0,1.42837520996641,2.25786025280301,"ITPKB;ISYNA1;SYNJ1;INPP1;INPP5D;PTEN;SYNJ2;PI4KB;PLCB1"
"Lipid and atherosclerosis","23/215",0.217077740672906,0.543576781522398,0,0,1.2177242052295,1.86007340401776,"HSPA8;JUN;HSP90AA1;VCAM1;HSP90AB1;HSPA6;CAMK2A;PIK3R3;LY96;TNFRSF10B;POU2F2;MAPK10;TRAF3;DDIT3;TNFSF10;BCL2;CASP1;IL12A;PLCB1;TP53;ATF4;MAP2K6;MAPK3"
"NF-kappa B signaling pathway","12/104",0.221696119006908,0.548719587498228,0,0,1.32505059864908,1.99611938447616,"VCAM1;CXCL12;PLAU;TRAF3;BCL2;BLNK;LY96;PTGS2;MAP3K14;EDA2R;GADD45G;TNFSF13B"
"Sulfur metabolism","2/10",0.224476194885639,0.548719587498228,0,0,2.537228109314,3.7905822936509,"SELENBP1;ETHE1"
"Synthesis and degradation of ketone bodies","2/10",0.224476194885639,0.548719587498228,0,0,2.537228109314,3.7905822936509,"BDH2;HMGCS1"
"ErbB signaling pathway","10/85",0.230327305340452,0.558589055471332,0,0,1.35424836601307,1.98838046522841,"MAPK10;CDKN1A;JUN;CAMK2A;GAB1;PIK3R3;NRG1;PAK3;EGFR;MAPK3"
"African trypanosomiasis","5/37",0.234926002651307,0.560908595477539,0,0,1.58633030726257,2.29777517407435,"VCAM1;IL12A;HBA2;HBA1;PLCB1"
"Alanine, aspartate and glutamate metabolism","5/37",0.234926002651307,0.560908595477539,0,0,1.58633030726257,2.29777517407435,"IL4I1;GPT2;ASNS;RIMKLB;ASS1"
"Phosphatidylinositol signaling system","11/97",0.252164304596688,0.592982153713187,0,0,1.2990731567421,1.78969983380266,"ITPKB;PPIP5K1;SYNJ1;DGKB;INPP1;INPP5D;PTEN;PIK3R3;SYNJ2;PI4KB;PLCB1"
"Arrhythmogenic right ventricular cardiomyopathy","9/77",0.252209942001388,0.592982153713187,0,0,1.34405671563138,1.85142930222251,"TCF7L1;SGCD;ITGA2;ITGA11;CACNA2D3;ITGB8;ITGA7;CACNA1C;SLC8A1"
"Amino sugar and nucleotide sugar metabolism","6/48",0.258825595699139,0.599385590040112,0,0,1.45037131677713,1.96032306074257,"GALT;GNPDA1;NAGK;GMDS;AMDHD2;PGM3"
"Valine, leucine and isoleucine degradation","6/48",0.258825595699139,0.599385590040112,0,0,1.45037131677713,1.96032306074257,"ALDH3A2;IL4I1;MCEE;HIBADH;HMGCS1;PCCB"
"Mitophagy","8/68",0.263925763815796,0.604901829061565,0,0,1.35385189330349,1.80344906619907,"MAPK10;JUN;UBB;TFEB;USP30;SQSTM1;TP53;ATF4"
"One carbon pool by folate","3/20",0.265135541958803,0.604901829061565,0,0,1.79109768907563,2.37770744508425,"MTHFD1L;SHMT2;TYMS"
"VEGF signaling pathway","7/59",0.276616143334722,0.62645420696393,0,0,1.36670753742901,1.75638933793551,"PLA2G4C;PXN;PLA2G4A;PIK3R3;PTGS2;MAPK3;VEGFA"
"beta-Alanine metabolism","4/30",0.280742955304863,0.631159344772977,0,0,1.56156852639265,1.98368513764856,"ALDH3A2;ALDH3A1;SMOX;GADL1"
"Viral protein interaction with cytokine and cytokine receptor","11/100",0.28478639782177,0.635610221225399,0,0,1.25507633395475,1.57639578226581,"CCR1;CXCL12;CCL11;CCL8;CCL7;IL34;TNFSF10;TNFRSF10C;ACKR4;TNFRSF10B;TNFRSF14"
"Bile secretion","10/90",0.287083563142717,0.636127607539258,0,0,1.26925770308123,1.58401069677615,"SCARB1;ABCB1;ABCB4;ADCY4;ATP1A2;ADCY1;SLC51B;ADCY8;SLC4A4;PRKACB"
"Dopaminergic synapse","14/132",0.296121098603335,0.651466416927337,0,0,1.20489346111021,1.46633942723996,"CAMK2A;CACNA1C;PPP2R3A;MAPK10;GRIN2A;CREB1;GNG2;CREB3L1;PPP1R1B;PLCB1;PRKACB;GRIA3;ATF4;CREB5"
"Circadian rhythm","4/31",0.301553052859521,0.658711633196684,0,0,1.50364993692744,1.8025895512558,"PER2;CREB1;PER3;BHLHE40"
"Arachidonic acid metabolism","7/61",0.305758208786027,0.661630796224973,0,0,1.31594374016074,1.559341558577,"PTGIS;PLA2G4C;GPX8;AKR1C3;PLA2G4A;PTGS2;PTGES"
"Amoebiasis","11/102",0.307185726818738,0.661630796224973,0,0,1.2273567239935,1.44865250547332,"COL1A1;TGFB2;COL3A1;COL1A2;LAMB3;COL4A5;PIK3R3;IL12A;ADCY1;PLCB1;PRKACB"
"Th1 and Th2 cell differentiation","10/92",0.310814418614495,0.664797506481003,0,0,1.23816355810617,1.44686750313831,"JAG2;MAPK10;JUN;MAF;NOTCH1;JAG1;IL12A;RBPJ;DLL1;MAPK3"
"Regulation of actin cytoskeleton","22/218",0.313536943357598,0.665995714166485,0,0,1.14011188231638,1.32234518136052,"CYFIP2;CHRM2;ITGA2;PXN;LIMK1;PIK3R3;EGFR;FGD1;CXCL12;SPATA13;PDGFC;ITGA11;BDKRB2;BDKRB1;ITGB8;ITGA7;PAK3;FGFR4;FGFR2;PFN2;FGF10;MAPK3"
"Salivary secretion","10/93",0.322848308388562,0.681077253312856,0,0,1.22317842799771,1.38289213736506,"GUCY1A2;KCNMA1;ADCY4;PRKG2;ATP1A2;ADCY1;PLCB1;ADCY8;PRKACB;PRKG1"
"Endocytosis","25/252",0.32928493432039,0.689930338576056,0,0,1.1186191791732,1.24259780247839,"SH3GL3;NEDD4L;PARD6G;PLD1;EGFR;EEA1;SNX2;PSD3;VPS35;RAB11FIP4;HSPA8;SMAD3;HSPA6;HLA-B;ARAP3;VPS37D;HLA-A;DNM1;DNM3;ACAP3;BIN1;MDM2;FOLR3;FGFR4;FGFR2"
"Protein export","3/23",0.341346587362395,0.710247194613498,0,0,1.52218191964286,1.63612778906952,"SEC61A2;SEC61A1;SRP72"
"Fructose and mannose metabolism","4/33",0.343593610381205,0.710247194613498,0,0,1.39979591443809,1.49539593547299,"AKR1B10;GMDS;ENOSF1;AKR1B1"
"Tuberculosis","18/180",0.350875326056561,0.720464002836138,0,0,1.12818107922216,1.18157147603012,"TGFB2;KSR1;NFYA;CAMK2A;CEBPG;LSP1;CTSS;EEA1;MRC2;MAPK10;CREB1;FCGR2A;IRAK2;RFX5;BCL2;IL12A;ATP6V0D1;MAPK3"
"Vasopressin-regulated water reabsorption","5/44",0.36054213993766,0.735410457621187,0,0,1.30110299384042,1.32731558211023,"CREB1;CREB3L1;AQP3;PRKACB;CREB5"
"Protein processing in endoplasmic reticulum","17/171",0.36608717910941,0.73828981983033,0,0,1.12072151695324,1.12619487389836,"HSPA8;HSP90AA1;HSP90AB1;HSPA4L;HSPA6;CKAP4;SEC61A2;DNAJB2;DNAJA1;MAPK10;SEC61A1;DNAJB1;DDIT3;BCL2;MAN1C1;ATF4;SEC31A"
"Vitamin digestion and absorption","3/24",0.366747865045586,0.73828981983033,0,0,1.44961734693878,1.45408315882698,"CUBN;SCARB1;ABCC1"
"Purine metabolism","13/129",0.37327177453303,0.746543549066061,0,0,1.1376069120322,1.12105303256061,"GUCY1A2;PRPS1;ENTPD1;ADCY4;AMPD2;NTPCR;ADCY1;ADCY8;AK9;NT5E;PKM;PDE5A;ADA"
"Insulin resistance","11/108",0.37653586833865,0.748213209343898,0,0,1.15105635430632,1.1242850492999,"MAPK10;SREBF1;CREB1;PPP1R3C;CREB3L1;PRKCE;PTEN;PIK3R3;TRIB3;AGT;CREB5"
"Thiamine metabolism","2/15",0.39513290436694,0.780134195801394,0,0,1.5609421253593,1.44938643670172,"TPK1;NTPCR"
"Thyroid hormone signaling pathway","12/121",0.403011860093294,0.790621993049264,0,0,1.11734166207865,1.0154281334847,"HDAC2;NOTCH1;RCAN2;MDM2;PIK3R3;ATP1A2;SLC16A2;PLCB1;PRKACB;TP53;ESR1;MAPK3"
"Fc epsilon RI signaling pathway","7/68",0.410918341923952,0.80013268754227,0,0,1.16448454175377,1.0356468636719,"MAPK10;INPP5D;PLA2G4C;PLA2G4A;PIK3R3;MAP2K6;MAPK3"
"Other types of O-glycan biosynthesis","5/47",0.415653344177802,0.80013268754227,0,0,1.20796754455972,1.06047914469192,"GALNT12;LFNG;B4GALT1;GALNT16;GXYLT2"
"Pyruvate metabolism","5/47",0.415653344177802,0.80013268754227,0,0,1.20796754455972,1.06047914469192,"ALDH3A2;PKM;ME1;ACOT12;ME3"
"Toxoplasmosis","11/112",0.423671333850541,0.810501682148862,0,0,1.10522576921369,0.949164884775469,"MAPK10;HSPA8;TGFB2;SOCS1;LAMB3;HSPA6;BCL2;LY96;IL12A;MAP2K6;MAPK3"
"Phenylalanine, tyrosine and tryptophan biosynthesis","1/6",0.431235563362527,0.814779045581016,0,0,2.02898550724638,1.70658130788522,"IL4I1"
"Vitamin B6 metabolism","1/6",0.431235563362527,0.814779045581016,0,0,2.02898550724638,1.70658130788522,"PSAT1"
"Pancreatic secretion","10/102",0.433843387906775,0.814779045581016,0,0,1.10297162343198,0.921060352634609,"CCKAR;KCNMA1;CLCA2;ADCY4;RAB27B;ATP1A2;ADCY1;PLCB1;ADCY8;SLC4A4"
"Herpes simplex virus 1 infection","46/498",0.441166777941804,0.8235113188247,0,0,1.03300242363525,0.845339242786745,"ZNF793;ZNF154;ZNF250;ZNF43;PIK3R3;ZNF45;ZNF3;IFIH1;ZFP14;ZNF528;ZNF84;ZNF85;TNFRSF14;ZNF667;ZNF766;IL12A;ZNF248;ZNF226;ZNF589;ZNF841;ZNF286A;ZNF540;ZNF561;ZFP1;ZNF184;HLA-B;ZNF10;HLA-A;ZNF79;POU2F2;ZFP90;TRAF3;OAS3;ZNF30;ZNF74;BCL2;ZNF658;ZNF436;ZNF510;TP53;ZNF135;ZNF630;TLR3;ZNF233;ZNF596;ZNF211"
"Ether lipid metabolism","5/49",0.451997940693292,0.827586387907768,0,0,1.15293296089385,0.915518302130099,"PLA2G4C;ENPP2;PLA2G4A;PLD1;PAFAH1B3"
"Sphingolipid metabolism","5/49",0.451997940693292,0.827586387907768,0,0,1.15293296089385,0.915518302130099,"CERS4;SGMS1;SPTLC3;GBA;NEU1"
"Mineral absorption","6/60",0.454438074316007,0.827586387907768,0,0,1.12732128439227,0.889111110075937,"HEPH;HMOX1;ATP1A2;ATP7A;SLC8A1;FTL"
"Phenylalanine metabolism","2/17",0.459000544524174,0.827586387907768,0,0,1.35266778211563,1.05332765379477,"ALDH3A1;IL4I1"
"Apelin signaling pathway","13/137",0.459441195229723,0.827586387907768,0,0,1.06374226132291,0.827319502684532,"MEF2C;JAG1;SMAD3;PRKCE;ADCY4;ADCY1;ADCY8;SLC8A1;GNG2;CAMK4;PLCB1;PRKACB;MAPK3"
"NOD-like receptor signaling pathway","17/181",0.459471663416326,0.827586387907768,0,0,1.05180183269774,0.817963153418986,"JUN;HSP90AA1;HSP90AB1;CARD8;MAPK10;P2RX7;IFI16;TRAF3;OAS3;TRIP6;BCL2;CASP1;TP53BP1;PLCB1;GBP4;GBP3;MAPK3"
"Vibrio cholerae infection","5/50",0.469947291838165,0.841533522593923,0,0,1.12725015518312,0.851225747880173,"SEC61A2;ATP6V1A;SEC61A1;ATP6V0D1;PRKACB"
"Fatty acid biosynthesis","2/18",0.489430835857809,0.870114557940376,0,0,1.26805633017289,0.906041619901595,"ACSL4;ACSL3"
"Ubiquitin mediated proteolysis","13/140",0.491558224290991,0.870114557940376,0,0,1.03844216442642,0.737475543628504,"DET1;CUL7;UBA7;UBE2E3;UBE2E1;NEDD4L;KLHL13;BRCA1;MID1;DDB2;SOCS1;UBB;MDM2"
"Complement and coagulation cascades","8/85",0.498592812291317,0.877523349632718,0,0,1.05396114797346,0.73352062239116,"C4B;C4A;PLAU;BDKRB2;BDKRB1;MASP1;F2RL2;C2"
"Lysine degradation","6/63",0.502663949447086,0.8796619115324,0,0,1.06781206790033,0.734476831606493,"ALDH3A2;KMT2A;AADAT;EHMT2;PLOD2;EZH2"
"Glyoxylate and dicarboxylate metabolism","3/30",0.512650276169254,0.881153793417247,0,0,1.12710813492063,0.753090137158745,"MCEE;SHMT2;PCCB"
"Pentose phosphate pathway","3/30",0.512650276169254,0.881153793417247,0,0,1.12710813492063,0.753090137158745,"PRPS1;G6PD;TKT"
"GnRH secretion","6/64",0.518408311053989,0.881153793417247,0,0,1.04934369036834,0.689410516799746,"GPER1;PIK3R3;CACNA1C;PLCB1;CACNA1G;MAPK3"
"HIF-1 signaling pathway","10/109",0.519575356043241,0.881153793417247,0,0,1.02458761282291,0.670842001826741,"CDKN1A;CAMK2A;BCL2;PIK3R3;HMOX1;IGF1;TIMP1;EGFR;MAPK3;VEGFA"
"Tryptophan metabolism","4/42",0.527874877073972,0.881153793417247,0,0,1.06773634253137,0.682172476800566,"ALDH3A2;IL4I1;AADAT;HAAO"
"Riboflavin metabolism","1/8",0.528777371777973,0.881153793417247,0,0,1.44911610129001,0.923359075898608,"ACP5"
"Sulfur relay system","1/8",0.528777371777973,0.881153793417247,0,0,1.44911610129001,0.923359075898608,"MOCS2"
"Gastric acid secretion","7/76",0.529423992284524,0.881153793417247,0,0,1.02901792951399,0.654420077447697,"CAMK2A;ADCY4;ATP1A2;ADCY1;PLCB1;ADCY8;PRKACB"
"Fanconi anemia pathway","5/54",0.539578848509411,0.881153793417247,0,0,1.03500171018128,0.638561231389831,"SLX4;BRCA1;MLH1;POLH;FANCG"
"Leishmaniasis","7/77",0.54364801590217,0.881153793417247,0,0,1.01426174496644,0.618145138253621,"JUN;MARCKSL1;TGFB2;FCGR2A;IL12A;PTGS2;MAPK3"
"Fatty acid degradation","4/43",0.546921845413366,0.881153793417247,0,0,1.04030122120574,0.627769111714057,"ALDH3A2;ECI2;ACSL4;ACSL3"
"Porphyrin and chlorophyll metabolism","4/43",0.546921845413366,0.881153793417247,0,0,1.04030122120574,0.627769111714057,"ALAS1;HEPH;MMAB;HMOX1"
"Type I diabetes mellitus","4/43",0.546921845413366,0.881153793417247,0,0,1.04030122120574,0.627769111714057,"HLA-B;CPE;IL12A;HLA-A"
"Steroid biosynthesis","2/20",0.546940468115455,0.881153793417247,0,0,1.12703724360166,0.680071534390117,"CYP24A1;DHCR7"
"Hepatitis C","14/157",0.55101434296039,0.881153793417247,0,0,0.992873493715717,0.591747081269222,"SCARB1;CDKN1A;MX1;PIK3R3;IFIT1;EGFR;CLDN11;CDK6;CDK4;TRAF3;OAS3;TP53;TLR3;MAPK3"
"GABAergic synapse","8/89",0.552151565355613,0.881153793417247,0,0,1.00169260848239,0.594937990992574,"GNG2;ADCY4;ADCY1;CACNA1C;ADCY8;GABRE;PRKACB;SLC38A5"
"PD-L1 expression and PD-1 checkpoint pathway in cancer","8/89",0.552151565355613,0.881153793417247,0,0,1.00169260848239,0.594937990992574,"BATF2;CD274;JUN;PTEN;PIK3R3;EGFR;MAP2K6;MAPK3"
"Synaptic vesicle cycle","7/78",0.557689650081171,0.884989977407853,0,0,0.999921227589249,0.583906654619683,"DNM3;ATP6V1A;STX1B;SLC6A9;ATP6V0D1;SLC1A7;DNM1"
"Acute myeloid leukemia","6/67",0.564382640045049,0.884989977407853,0,0,0.997571681221307,0.570633763974013,"PER2;TCF7L1;PIM1;PIK3R3;MAPK3;RUNX1T1"
"Serotonergic synapse","10/113",0.566723845961372,0.884989977407853,0,0,0.984580239862935,0.559126516284005,"GNG2;KCND2;PLA2G4C;PLA2G4A;CACNA1C;HTR2A;PLCB1;PTGS2;PRKACB;MAPK3"
"Chagas disease","9/102",0.571963690306726,0.884989977407853,0,0,0.981396524943106,0.548286382971252,"MAPK10;JUN;TGFB2;BDKRB2;PIK3R3;IL12A;ADCY1;PLCB1;MAPK3"
"Pyrimidine metabolism","5/56",0.572758215103471,0.884989977407853,0,0,0.994303866798116,0.554117207220692,"ENTPD1;NT5E;UPP1;TYMS;AK9"
"Pantothenate and CoA biosynthesis","2/21",0.573942117972904,0.884989977407853,0,0,1.06766078609798,0.592793804362025,"ALDH3A2;GADL1"
"Retrograde endocannabinoid signaling","13/148",0.574668816498606,0.884989977407853,0,0,0.976472544373779,0.540928073747757,"DAGLA;ADCY4;CACNA1C;ADCY1;ADCY8;PTGS2;MAPK10;GNG2;PLCB1;GABRE;PRKACB;GRIA3;MAPK3"
"Retinol metabolism","6/68",0.579234014965285,0.887582470693073,0,0,0.981427721379758,0.535907343317627,"ALDH1A3;CYP26B1;ALDH1A1;RDH5;HSD17B6;CYP3A7"
"Toll-like receptor signaling pathway","9/104",0.595880464766371,0.901086970072197,0,0,0.960629457181588,0.497332466271673,"MAPK10;JUN;TRAF3;LY96;PIK3R3;IL12A;TLR3;MAP2K6;MAPK3"
"Pentose and glucuronate interconversions","3/34",0.599349015470697,0.901086970072197,0,0,0.981458813364055,0.502419746133051,"AKR1B10;AKR1B1;XYLB"
"Arginine biosynthesis","2/22",0.599749444366235,0.901086970072197,0,0,1.01422197434467,0.518514192854235,"GPT2;ASS1"
"Histidine metabolism","2/22",0.599749444366235,0.901086970072197,0,0,1.01422197434467,0.518514192854235,"ALDH3A2;ALDH3A1"
"Rheumatoid arthritis","8/93",0.603184795744865,0.901849112084555,0,0,0.954343460943415,0.482450842227583,"ATP6V1A;JUN;TGFB2;CXCL12;ACP5;ATP6V0D1;TNFSF13B;VEGFA"
"Epithelial cell signaling in Helicobacter pylori infection","6/70",0.608144478134948,0.904871977128329,0,0,0.950653297931806,0.472800569917543,"ATP6V1A;MAPK10;JUN;ATP6V0D1;MAP3K14;EGFR"
"Nucleotide excision repair","4/47",0.618812855947264,0.911386919380726,0,0,0.943321257450041,0.452749287229982,"PCNA;LIG1;XPC;DDB2"
"Mannose type O-glycan biosynthesis","2/23",0.624359220744588,0.911386919380726,0,0,0.965872573234536,0.454954380558971,"B3GALNT2;B4GALT1"
"Proximal tubule bicarbonate reclamation","2/23",0.624359220744588,0.911386919380726,0,0,0.965872573234536,0.454954380558971,"ATP1A2;SLC4A4"
"Renin-angiotensin system","2/23",0.624359220744588,0.911386919380726,0,0,0.965872573234536,0.454954380558971,"CTSA;AGT"
"mTOR signaling pathway","13/154",0.633175743286853,0.914983591845931,0,0,0.934610088274391,0.427123595467938,"ATP6V1A;FZD7;WNT5A;PTEN;PIK3R3;IGF1;LRP6;SLC7A5;DEPTOR;SESN2;DVL2;WNT2;MAPK3"
"Intestinal immune network for IgA production","4/48",0.635624091512645,0.914983591845931,0,0,0.921831379117811,0.417725991822597,"CXCL12;MAP3K14;ICOSLG;TNFSF13B"
"Mucin type O-glycan biosynthesis","3/36",0.638706078723621,0.914983591845931,0,0,0.921875,0.413286611971967,"GALNT12;GALNT16;ST3GAL1"
"Tyrosine metabolism","3/36",0.638706078723621,0.914983591845931,0,0,0.921875,0.413286611971967,"IL4I1;ALDH3A1;FAH"
"Taurine and hypotaurine metabolism","1/11",0.644654582616522,0.914993601133128,0,0,1.01421404682274,0.44528118062506,"GADL1"
"Ubiquinone and other terpenoid-quinone biosynthesis","1/11",0.644654582616522,0.914993601133128,0,0,1.01421404682274,0.44528118062506,"NQO1"
"Chemokine signaling pathway","16/192",0.659551321163718,0.931219241093573,0,0,0.921304103428893,0.38344261420305,"CCR1;CCL11;PXN;ADCY4;PIK3R3;ADCY1;ADCY8;CXCL16;PREX1;CXCL12;CCL8;GNG2;CCL7;PLCB1;PRKACB;MAPK3"
"Taste transduction","7/86",0.662133161686664,0.931219241093573,0,0,0.898266927193951,0.370345207271965,"ADCY4;CACNA1C;PLCB1;ADCY8;ASIC2;SCN2A;PRKACB"
"alpha-Linolenic acid metabolism","2/25",0.670022385643337,0.936856501689121,0,0,0.881786658260385,0.35310631391632,"PLA2G4C;PLA2G4A"
"Allograft rejection","3/38",0.675266699269432,0.936856501689121,0,0,0.869100765306122,0.341250291516197,"HLA-B;IL12A;HLA-A"
"Primary immunodeficiency","3/38",0.675266699269432,0.936856501689121,0,0,0.869100765306122,0.341250291516197,"RFX5;BLNK;ADA"
"Necroptosis","13/159",0.678629889532616,0.937300475228904,0,0,0.902353058745753,0.349823675911572,"HSP90AA1;HSP90AB1;PLA2G4C;CAMK2A;TNFRSF10B;PLA2G4A;MAPK10;TNFSF10;BCL2;CASP1;SQSTM1;TLR3;FTL"
"Influenza A","14/172",0.688595418703056,0.946818700716703,0,0,0.897867077946538,0.334995446879583,"MX1;PIK3R3;TNFRSF10B;IFIH1;DNAJB1;CDK6;CDK4;TRAF3;OAS3;TNFSF10;CASP1;IL12A;TLR3;MAPK3"
"Various types of N-glycan biosynthesis","3/39",0.692492461237789,0.947945235827729,0,0,0.844912574404762,0.31046982332284,"B4GALT1;MAN1C1;B4GALNT4"
"Pathogenic Escherichia coli infection","16/197",0.699199416277848,0.949644965881354,0,0,0.895605265854863,0.320464839886365,"CYFIP2;JUN;TUBB;TNFRSF10B;TUBA4A;CLDN11;MAPK10;TUBA1C;TUBA1B;TUBA1A;FCGR2A;TNFSF10;CASP1;ARHGEF2;PAK3;MAPK3"
"Inflammatory bowel disease","5/65",0.704684420241337,0.949644965881354,0,0,0.844739292364991,0.295663151096277,"JUN;TGFB2;MAF;SMAD3;IL12A"
"Nicotine addiction","3/40",0.709019308587859,0.949644965881354,0,0,0.822031853281853,0.282674164307851,"GRIN2A;GABRE;GRIA3"
"Biosynthesis of unsaturated fatty acids","2/27",0.711078904501641,0.949644965881354,0,0,0.811154489682097,0.276580870133716,"SCP2;SCD"
"Collecting duct acid secretion","2/27",0.711078904501641,0.949644965881354,0,0,0.811154489682097,0.276580870133716,"ATP6V1A;ATP6V0D1"
"Glycosaminoglycan biosynthesis","4/53",0.712233724411015,0.949644965881354,0,0,0.827539055823334,0.280824680825123,"EXT1;EXTL2;B4GALT1;ST3GAL1"
"Morphine addiction","7/91",0.719142893191317,0.954724185788473,0,0,0.84456562266965,0.278449233750085,"GNG2;ADORA1;ADCY4;ADCY1;ADCY8;GABRE;PRKACB"
"Glycolysis / Gluconeogenesis","5/67",0.729763984600182,0.960790362348334,0,0,0.817399531447108,0.257508730537905,"ALDH3A2;ALDH3A1;PKM;GALM;BPGM"
"Butanoate metabolism","2/28",0.729951119446462,0.960790362348334,0,0,0.779913338195547,0.245499332056236,"BDH2;HMGCS1"
"Linoleic acid metabolism","2/29",0.747765286667273,0.980049822525618,0,0,0.750986346078371,0.218286301000972,"PLA2G4C;PLA2G4A"
"Glucagon signaling pathway","8/107",0.754945500434603,0.98256543131886,0,0,0.818752720263632,0.230159345644632,"CREB1;PKM;CREB3L1;CAMK2A;PLCB1;PRKACB;ATF4;CREB5"
"Peroxisome","6/82",0.756064958514837,0.98256543131886,0,0,0.800020593686564,0.223708144596972,"SCP2;ACOX2;PEX3;ECI2;ACSL4;ACSL3"
"Legionellosis","4/57",0.764497851213312,0.989350160393698,0,0,0.764914720352286,0.20540718854806,"HSPA8;HSPA6;CASP1;IL12A"
"Glycosphingolipid biosynthesis","3/45",0.781493429693862,0.999995984622412,0,0,0.723971619897959,0.178494143322584,"B4GALT1;ST8SIA1;ST3GAL1"
"Alcoholism","14/186",0.791670602947524,0.999995984622412,0,0,0.824145045245028,0.192528424339039,"HDAC2;HDAC9;GRIN2A;CREB1;GNG2;CREB3L1;PKIA;CAMK4;PPP1R1B;PRKACB;SLC29A3;ATF4;CREB5;MAPK3"
"Nitrogen metabolism","1/17",0.797957575146684,0.999995984622412,0,0,0.63367474916388,0.143020293884732,"CA12"
"Prion disease","21/273",0.801183066788305,0.999995984622412,0,0,0.843338970311913,0.186939416149534,"HSPA8;PRNP;NOTCH1;TUBB;HSPA6;PIK3R3;CACNA1C;TUBA4A;MAPK10;TUBA1C;GRIN2A;TUBA1B;TUBA1A;CREB1;CREB3L1;DDIT3;NCAM2;PRKACB;ATF4;CREB5;MAPK3"
"Cardiac muscle contraction","6/87",0.804035859623875,0.999995984622412,0,0,0.750429579943275,0.163677253243491,"ASPH;SLC9A7;CACNA2D3;ATP1A2;CACNA1C;SLC8A1"
"Carbohydrate digestion and absorption","3/47",0.805997443090455,0.999995984622412,0,0,0.690987723214286,0.149028576005814,"PIK3R3;ATP1A2;PLCB1"
"Glycerolipid metabolism","4/61",0.809045565393845,0.999995984622412,0,0,0.711079765298226,0.150677830996011,"ALDH3A2;AKR1B10;DGKB;AKR1B1"
"Steroid hormone biosynthesis","4/61",0.809045565393845,0.999995984622412,0,0,0.711079765298226,0.150677830996011,"HSD11B2;AKR1C3;HSD17B6;CYP3A7"
"Leukocyte transendothelial migration","8/114",0.813330958307039,0.999995984622412,0,0,0.764388508198625,0.157935789948231,"CLDN11;VCAM1;CXCL12;MMP2;PXN;PIK3R3;THY1;RAPGEF4"
"Propanoate metabolism","2/34",0.822336643864573,0.999995984622412,0,0,0.633470440602342,0.123910254981459,"MCEE;PCCB"
"Metabolism of xenobiotics by cytochrome P450","5/76",0.823463284850113,0.999995984622412,0,0,0.713431426548116,0.138574291035821,"ALDH3A1;GSTM3;GSTM2;GSTA4;GSTM5"
"Bacterial invasion of epithelial cells","5/77",0.832035638176641,0.999995984622412,0,0,0.703483860955928,0.129356615681017,"DNM3;PXN;GAB1;PIK3R3;DNM1"
"Nicotinate and nicotinamide metabolism","2/35",0.834637392901587,0.999995984622412,0,0,0.614240565160811,0.111028839842115,"NT5E;QPRT"
"T cell receptor signaling pathway","7/104",0.835246098948744,0.999995984622412,0,0,0.7308517262852,0.131574409160313,"MAPK10;JUN;CDK4;PIK3R3;PAK3;MAP3K14;MAPK3"
"Cholesterol metabolism","3/50",0.83837960138419,0.999995984622412,0,0,0.646775265957447,0.114016322508057,"SCARB1;MYLIP;PLTP"
"Coronavirus disease","17/232",0.841310868953203,0.999995984622412,0,0,0.800036623329061,0.138241564511478,"JUN;MX1;PIK3R3;EGFR;C2;C4B;IFIH1;MAPK10;C4A;FCGR2A;TRAF3;OAS3;CASP1;IL12A;MASP1;TLR3;MAPK3"
"Natural killer cell mediated cytotoxicity","9/131",0.841665910112728,0.999995984622412,0,0,0.746915903291539,0.128747481310089,"RAET1G;SH3BP2;TNFSF10;HLA-B;PIK3R3;TNFRSF10B;HLA-A;MICA;MAPK3"
"Shigellosis","18/246",0.848696526753309,0.999995984622412,0,0,0.798670141871279,0.131024715537758,"JUN;PRKCE;PXN;PIK3R3;EGFR;MAPK10;RPS6KA5;UBB;BCL2;MDM2;CASP1;TLN2;ARHGEF2;PLCB1;TP53;SQSTM1;PFN2;MAPK3"
"AMPK signaling pathway","8/120",0.854355429887957,0.999995984622412,0,0,0.723199296506515,0.113837338614338,"SREBF1;CREB1;SCD;CREB3L1;PIK3R3;IGF1;PPP2R3A;CREB5"
"Drug metabolism","7/108",0.862119341075862,0.999995984622412,0,0,0.701752054400071,0.104113037367882,"ALDH3A1;GSTM3;GSTM2;GSTA4;UPP1;CES2;GSTM5"
"B cell receptor signaling pathway","5/81",0.862980726276113,0.999995984622412,0,0,0.666311379006175,0.0981895914708538,"JUN;INPP5D;BLNK;PIK3R3;MAPK3"
"Human immunodeficiency virus 1 infection","15/212",0.864858682853844,0.999995984622412,0,0,0.770318827354132,0.111841941796657,"APOBEC3C;JUN;PXN;LIMK1;HLA-B;PIK3R3;HLA-A;NFATC4;MAPK10;GNG2;TRIM5;BCL2;PAK3;MAP2K6;MAPK3"
"JAK-STAT signaling pathway","11/162",0.870244736191365,0.999995984622412,0,0,0.737215276334155,0.102458769559454,"CDKN1A;CCND2;SOCS1;TSLP;PIM1;LIF;BCL2;PIK3R3;IL12A;EGFR;SOCS5"
"Terpenoid backbone biosynthesis","1/22",0.873804321395126,0.999995984622412,0,0,0.482667091362744,0.065111219609063,"HMGCS1"
"Autophagy","9/137",0.876009833081236,0.999995984622412,0,0,0.711668008118701,0.0942091613396558,"MAPK10;DEPTOR;ATG16L2;BCL2;PTEN;PIK3R3;PRKACB;SQSTM1;MAPK3"
"Yersinia infection","9/137",0.876009833081236,0.999995984622412,0,0,0.711668008118701,0.0942091613396558,"MAPK10;JUN;FCGR2A;PXN;LIMK1;CASP1;PIK3R3;MAP2K6;MAPK3"
"Glycerophospholipid metabolism","6/98",0.883509590518786,0.999995984622412,0,0,0.660303302792427,0.0817806322121491,"PTDSS1;DGKB;PLA2G4C;PLA2G4A;PLD1;GPCPD1"
"RIG-I-like receptor signaling pathway","4/70",0.884343914840204,0.999995984622412,0,0,0.613809789689187,0.0754428997059904,"IFIH1;MAPK10;TRAF3;IL12A"
"Adherens junction","4/71",0.890859736568157,0.999995984622412,0,0,0.604615115377884,0.0698743328072806,"TCF7L1;SMAD3;EGFR;MAPK3"
"Homologous recombination","2/41",0.893523176919416,0.999995984622412,0,0,0.519570409140961,0.0584947980978543,"BRCA1;NBN"
"Thermogenesis","16/232",0.894217843203061,0.999995984622412,0,0,0.74902671080299,0.0837455763172935,"SMARCB1;COA1;KDM1A;ADCY4;ACSL4;ACSL3;ADCY1;ADCY8;SLC25A29;CREB1;CREB3L1;DPF3;PRKG2;PRKACB;PRKG1;CREB5"
"Graft-versus-host disease","2/42",0.901198993862874,0.999995984622412,0,0,0.506553262688232,0.0526963240218887,"HLA-B;HLA-A"
"Oocyte meiosis","8/129",0.901976441205856,0.999995984622412,0,0,0.669074629902834,0.0690263404870302,"CPEB1;CAMK2A;ADCY4;IGF1;ADCY1;ADCY8;PRKACB;MAPK3"
"Spinocerebellar ataxia","9/143",0.90401859356065,0.999995984622412,0,0,0.679576640871789,0.068572919277018,"MAPK10;GRIN2A;ATXN1;NFYA;PIK3R3;RBPJ;CIC;PLCB1;GRIA3"
"Fat digestion and absorption","2/43",0.90835561946558,0.999995984622412,0,0,0.494171098989294,0.0474993927967082,"SCARB1;NPC1L1"
"Pathways of neurodegeneration","35/475",0.909751864592948,0.999995984622412,0,0,0.802911931818182,0.0759421347318604,"UBA7;DNAH7;CAMK2A;CACNA1C;PTGS2;DNALI1;LRP6;TUBA1C;GRIN2A;TUBA1B;TUBA1A;ATXN1;UBB;DVL2;WNT2;GRIA3;MAP2K6;MAPK3;PRNP;FZD7;TUBB;WNT5A;GPX8;SNCAIP;DKK2;TUBA4A;MAPK10;DLG4;DDIT3;BCL2;MAPT;PLCB1;TARDBP;SQSTM1;ATF4"
"Glycosylphosphatidylinositol (GPI)-anchor biosynthesis","1/26",0.913405853611079,0.999995984622412,0,0,0.405351170568562,0.0367146699744051,"PGAP1"
"Viral myocarditis","3/60",0.91479524117628,0.999995984622412,0,0,0.533012218045113,0.0474674131435913,"SGCD;HLA-B;HLA-A"
"Neuroactive ligand-receptor interaction","24/341",0.916640802742055,0.999995984622412,0,0,0.764707244476823,0.0665598070008386,"CHRM2;PTGFR;GRIK5;GRIK4;HTR2A;NR3C1;RXFP1;MCHR1;AGT;ADRA2A;P2RX7;P2RX6;EDNRA;GRIN2A;HRH1;CCKAR;TBXA2R;ADORA1;BDKRB2;S1PR1;BDKRB1;GABRE;F2RL2;GRIA3"
"Fatty acid elongation","1/27",0.921187626255743,0.999995984622412,0,0,0.38973930194666,0.0319943007922131,"THEM4"
"Th17 cell differentiation","6/107",0.92647143433115,0.999995984622412,0,0,0.601165538577335,0.045912253911818,"MAPK10;JUN;HSP90AA1;SMAD3;HSP90AB1;MAPK3"
"Diabetic cardiomyopathy","13/203",0.926800572838273,0.999995984622412,0,0,0.691697678539784,0.052580691362193,"G6PD;TGFB2;SMAD3;MMP2;CAMK2A;PTEN;PIK3R3;AGT;COL1A1;MAPK10;COL3A1;COL1A2;PLCB1"
"Insulin signaling pathway","8/137",0.932552231557024,0.999995984622412,0,0,0.627304000034704,0.0438047114906669,"MAPK10;SREBF1;SOCS1;PPP1R3C;EXOC7;PIK3R3;PRKACB;MAPK3"
"Staphylococcus aureus infection","5/95",0.93615395145229,0.999995984622412,0,0,0.562228429546865,0.0370932106625881,"C4B;C4A;FCGR2A;MASP1;C2"
"Ascorbate and aldarate metabolism","1/30",0.940584485572602,0.999995984622412,0,0,0.349363779648637,0.0213998604095871,"ALDH3A2"
"Asthma","1/31",0.945924857907547,0.999995984622412,0,0,0.337699739873653,0.0187734527273713,"CCL11"
"N-Glycan biosynthesis","2/50",0.946364922293027,0.999995984622412,0,0,0.421941810745492,0.0232603994336274,"B4GALT1;MAN1C1"
"Adipocytokine signaling pathway","3/69",0.953705009700265,0.999995984622412,0,0,0.460100446428571,0.0218091612185441,"MAPK10;ACSL4;ACSL3"
"SNARE interactions in vesicular transport","1/33",0.955209349697985,0.999995984622412,0,0,0.316558667781494,0.014506221235891,"STX1B"
"Autoimmune thyroid disease","2/53",0.957555844236899,0.999995984622412,0,0,0.397056089585862,0.0172208136308013,"HLA-B;HLA-A"
"Parkinson disease","15/249",0.966131710553151,0.999995984622412,0,0,0.647183808700663,0.022298787853531,"UBA7;TUBB;CAMK2A;SNCAIP;TUBA4A;MAPK10;TUBA1C;TUBA1B;TUBA1A;UBB;DDIT3;MAPT;PRKACB;TP53;ATF4"
"RNA degradation","3/79",0.977177249573599,0.999995984622412,0,0,0.39934063674812,0.00921966557809579,"ZCCHC7;BTG2;DCP1B"
"mRNA surveillance pathway","4/98",0.980051108161411,0.999995984622412,0,0,0.430307566199793,0.00867093735205156,"ACIN1;PPP2R3A;TARDBP;SMG6"
"Huntington disease","18/306",0.982474943385486,0.999995984622412,0,0,0.630170230725943,0.0111416859959384,"HDAC2;DNAH7;TUBB;GPX8;TUBA4A;DNALI1;BBC3;MAPK10;TUBA1C;TUBA1B;TUBA1A;CREB1;DLG4;CREB3L1;PLCB1;TP53;GRIA3;CREB5"
"Amyotrophic lateral sclerosis","22/364",0.984754922751806,0.999995984622412,0,0,0.648100322247619,0.00995642704424791,"NUP205;NUP188;DNAH7;TUBB;GPX8;NRG1;TUBA4A;DNALI1;TUBA1C;GRIN2A;TUBA1B;TUBA1A;DDIT3;NUP62;BCL2;CASP1;TARDBP;TP53;SQSTM1;ATF4;PFN2;MAP2K6"
"Basal transcription factors","1/45",0.985539909795294,0.999995984622412,0,0,0.230072463768116,0.00335115641006426,"GTF2F2"
"Proteasome","1/46",0.986840411512548,0.999995984622412,0,0,0.224947355382138,0.00297986481396864,"PSME2"
"Non-alcoholic fatty liver disease","7/155",0.988330965153775,0.999995984622412,0,0,0.47765508797388,0.00560654936859336,"MAPK10;SREBF1;JUN;BCL2L11;DDIT3;PIK3R3;ATF4"
"Alzheimer disease","21/369",0.992864881986401,0.999995984622412,0,0,0.607428177117755,0.0043496077300633,"FZD7;TUBB;WNT5A;PIK3R3;CACNA1C;PTGS2;DKK2;TUBA4A;LRP6;MAPK10;TUBA1C;GRIN2A;TUBA1B;TUBA1A;DDIT3;DVL2;MAPT;PLCB1;WNT2;ATF4;MAPK3"
"Spliceosome","6/150",0.994085990524691,0.999995984622412,0,0,0.420649338550401,0.00249510951853209,"HSPA8;HSPA6;TRA2A;ACIN1;RBMX;SNRPA"
"Systemic lupus erythematosus","5/135",0.994778730438989,0.999995984622412,0,0,0.388375590889557,0.00203312603144539,"C4B;C4A;GRIN2A;FCGR2A;C2"
"RNA transport","8/186",0.995217220752764,0.999995984622412,0,0,0.453386819916626,0.00217365127382659,"CYFIP2;NUP205;NUP188;XPOT;CLNS1A;NUP62;ACIN1;TARDBP"
"Neutrophil extracellular trap formation","8/189",0.995997730282862,0.999995984622412,0,0,0.445797920524846,0.00178778350437469,"HDAC2;FCGR2A;CASP1;PIK3R3;PLCB1;CLCN3;HDAC9;MAPK3"
"Cytosolic DNA-sensing pathway","1/63",0.997349369771281,0.999995984622412,0,0,0.163115402596469,0.000432932642879832,"CASP1"
"Aminoacyl-tRNA biosynthesis","1/66",0.998002127216117,0.999995984622412,0,0,0.155561272618129,0.000311102507990623,"AARS2"
"Hematopoietic cell lineage","2/99",0.999040874279272,0.999995984622412,0,0,0.208232473364344,0.0001998169612133,"ITGA2;CD37"
"Ribosome biogenesis in eukaryotes","2/108",0.999554669163256,0.999995984622412,0,0,0.19045764977007,8.48355558832659e-05,"WDR36;NVL"
"Oxidative phosphorylation","3/133",0.999639507621217,0.999995984622412,0,0,0.232765281593407,8.39252381732162e-05,"ATP6V1A;PPA1;ATP6V0D1"
"Olfactory transduction","5/440",0.999994887699699,0.999995984622412,0,0,0.114107750593977,5.83354578798239e-07,"CAMK2A;PRKG2;PRKACB;SLC8A1;PRKG1"
"Ribosome","1/158",0.999995984622412,0.999995984622412,0,0,0.0640777112668555,2.57296722289496e-07,"MRPL14"
